month,con,syn
2,3.42,4.36
3,3.537777778,4.02
4,3.183333333,4.133333333
